{
  "skmxVNzgJ64": {
    "user_name": "Mazarine Eggerickx",
    "user_url": "https://unsplash.com/@rinegg?utm_source=unsample&utm_medium=referral&utm_campaign=api-credit",
    "photo_url": "https://unsplash.com/photos/skmxVNzgJ64?utm_source=unsample&utm_medium=referral&utm_campaign=api-credit"
  },
  "Vh1V_Ix0Kps": {
    "user_name": "Olga Müller",
    "user_url": "https://unsplash.com/@oljamu?utm_source=unsample&utm_medium=referral&utm_campaign=api-credit",
    "photo_url": "https://unsplash.com/photos/Vh1V_Ix0Kps?utm_source=unsample&utm_medium=referral&utm_campaign=api-credit"
  },
  "V7-pvBDYBDI": {
    "user_name": "Astghik Khachatryan",
    "user_url": "https://unsplash.com/@starshine02?utm_source=unsample&utm_medium=referral&utm_campaign=api-credit",
    "photo_url": "https://unsplash.com/photos/V7-pvBDYBDI?utm_source=unsample&utm_medium=referral&utm_campaign=api-credit"
  },
  "7PsXcT5pxCM": {
    "user_name": "Dmitry Ganin",
    "user_url": "https://unsplash.com/@ganinph?utm_source=unsample&utm_medium=referral&utm_campaign=api-credit",
    "photo_url": "https://unsplash.com/photos/7PsXcT5pxCM?utm_source=unsample&utm_medium=referral&utm_campaign=api-credit"
  },
  "J8SMPhqbg8o": {
    "user_name": "Jens De Decker",
    "user_url": "https://unsplash.com/@jensdedecker?utm_source=unsample&utm_medium=referral&utm_campaign=api-credit",
    "photo_url": "https://unsplash.com/photos/J8SMPhqbg8o?utm_source=unsample&utm_medium=referral&utm_campaign=api-credit"
  },
  "qNpx3iIBrek": {
    "user_name": "Evgeny Ozerov",
    "user_url": "https://unsplash.com/@eozrv?utm_source=unsample&utm_medium=referral&utm_campaign=api-credit",
    "photo_url": "https://unsplash.com/photos/qNpx3iIBrek?utm_source=unsample&utm_medium=referral&utm_campaign=api-credit"
  },
  "Xm3EB4pWVng": {
    "user_name": "Polina Kuzovkova",
    "user_url": "https://unsplash.com/@p_kuzovkova?utm_source=unsample&utm_medium=referral&utm_campaign=api-credit",
    "photo_url": "https://unsplash.com/photos/Xm3EB4pWVng?utm_source=unsample&utm_medium=referral&utm_campaign=api-credit"
  },
  "LkrqlaTM9y8": {
    "user_name": "Faruk Tokluoğlu",
    "user_url": "https://unsplash.com/@faruktokluoglu?utm_source=unsample&utm_medium=referral&utm_campaign=api-credit",
    "photo_url": "https://unsplash.com/photos/LkrqlaTM9y8?utm_source=unsample&utm_medium=referral&utm_campaign=api-credit"
  },
  "Tm4K17Hle0s": {
    "user_name": "Sven Mieke",
    "user_url": "https://unsplash.com/@sxoxm?utm_source=unsample&utm_medium=referral&utm_campaign=api-credit",
    "photo_url": "https://unsplash.com/photos/Tm4K17Hle0s?utm_source=unsample&utm_medium=referral&utm_campaign=api-credit"
  },
  "4oe5GJQGQfA": {
    "user_name": "Harry Cunningham",
    "user_url": "https://unsplash.com/@harrycunningham?utm_source=unsample&utm_medium=referral&utm_campaign=api-credit",
    "photo_url": "https://unsplash.com/photos/4oe5GJQGQfA?utm_source=unsample&utm_medium=referral&utm_campaign=api-credit"
  },
  "kZL5EzeRmKU": {
    "user_name": "Vidit Goswami",
    "user_url": "https://unsplash.com/@viditgoswami?utm_source=unsample&utm_medium=referral&utm_campaign=api-credit",
    "photo_url": "https://unsplash.com/photos/kZL5EzeRmKU?utm_source=unsample&utm_medium=referral&utm_campaign=api-credit"
  },
  "2X9PfLKSuh4": {
    "user_name": "feey",
    "user_url": "https://unsplash.com/@feeypflanzen?utm_source=unsample&utm_medium=referral&utm_campaign=api-credit",
    "photo_url": "https://unsplash.com/photos/2X9PfLKSuh4?utm_source=unsample&utm_medium=referral&utm_campaign=api-credit"
  },
  "wP7zVhf78NU": {
    "user_name": "Katerina Kitaeva",
    "user_url": "https://unsplash.com/@katekitaeva?utm_source=unsample&utm_medium=referral&utm_campaign=api-credit",
    "photo_url": "https://unsplash.com/photos/wP7zVhf78NU?utm_source=unsample&utm_medium=referral&utm_campaign=api-credit"
  },
  "aFkZXkedjZE": {
    "user_name": "George Dagerotip",
    "user_url": "https://unsplash.com/@dagerotip?utm_source=unsample&utm_medium=referral&utm_campaign=api-credit",
    "photo_url": "https://unsplash.com/photos/aFkZXkedjZE?utm_source=unsample&utm_medium=referral&utm_campaign=api-credit"
  },
  "T4JGsL9O9XU": {
    "user_name": "Agnieszka Kowalczyk",
    "user_url": "https://unsplash.com/@dubai_love_story?utm_source=unsample&utm_medium=referral&utm_campaign=api-credit",
    "photo_url": "https://unsplash.com/photos/T4JGsL9O9XU?utm_source=unsample&utm_medium=referral&utm_campaign=api-credit"
  }
}